,bitfinex_MTS,bitfinex_OPEN,bitfinex_CLOSE,bitfinex_HIGH,bitfinex_LOW,bitfinex_VOLUME
0,2020/04/30 0:00,8782.1,8802.153984,8805,8707,929.4709363
1,2020/04/29 23:00,8752.8,8778.7,8788,8701.1,324.8412563
2,2020/04/29 22:00,8856.6,8752.8,8856.6,8681.066425,604.9815162
3,2020/04/29 21:00,8911.5,8856.623056,8918,8742.1,1204.363562
4,2020/04/29 20:00,8708.7,8911.5,8912,8689.3,737.5930827
5,2020/04/29 19:00,8614.9,8708.2,8755,8614.9,617.5040911
6,2020/04/29 18:00,8698,8614.1,8729,8578.1,1332.091806
7,2020/04/29 17:00,8578.4,8697.9,8908,8575.1,4884.967327
8,2020/04/29 16:00,8353.6,8576.3,8761.3,8329.8,6213.577456
9,2020/04/29 15:00,8344.2,8353.512604,8365,8282.5,543.2244556
10,2020/04/29 14:00,8280,8344.4,8344.9,8248.962567,654.232333
11,2020/04/29 13:00,8230,8280,8362,8229.9,3544.389352
12,2020/04/29 12:00,8121.2,8230,8242.7,8121.1,1005.674034
13,2020/04/29 11:00,8104.733285,8121.2,8202.8,8101,1461.299328
14,2020/04/29 10:00,7973.3,8104.7,8136.6,7965,2166.461806
15,2020/04/29 9:00,7937.9,7973.3,7980,7930.2,476.9464557
16,2020/04/29 8:00,7934.9,7937.8,7961.522816,7924.149095,267.3173354
17,2020/04/29 7:00,7946.3,7934.9,7964.6,7914.034797,470.5018727
18,2020/04/29 6:00,7866.5,7946.2,7949,7850.4,1117.521152
19,2020/04/29 5:00,7846.7,7865.6,7879.917442,7837.3,475.0140417
20,2020/04/29 4:00,7824.9,7846.7,7854.9,7810,438.514712
21,2020/04/29 3:00,7788.973332,7822.1,7840.2,7788.973332,321.1052346
22,2020/04/29 2:00,7763.005605,7788.9,7844,7705.1,1199.441839
23,2020/04/29 1:00,7736.8,7763.005605,7763.3,7736.3,59.80407253
24,2020/04/29 0:00,7750.6,7736.9,7764.8,7736.3,130.1519296
25,2020/04/28 23:00,7748.2,7750.7,7762.9,7743,116.5667976
26,2020/04/28 22:00,7721.8,7748.2,7760.2,7719,163.1561833
27,2020/04/28 21:00,7719,7721.9,7721.939206,7704.1,87.04848385
28,2020/04/28 20:00,7708.800935,7719.107398,7726.6,7699.5,191.8917739
29,2020/04/28 19:00,7732.9,7710,7735,7703.1,84.05742476
30,2020/04/28 18:00,7728.21624,7732.9,7734.1,7719.7,135.8404419
31,2020/04/28 17:00,7722.1,7724.3,7739,7711.5,142.5962357
32,2020/04/28 16:00,7715.6,7722.1,7738.9,7707,152.22437
33,2020/04/28 15:00,7679.5,7715.6,7722,7667.8,247.1940626
34,2020/04/28 14:00,7724.2,7679,7736.1,7679,884.1110844
35,2020/04/28 13:00,7757.5,7724.3,7759.9,7723.3,239.8141333
36,2020/04/28 12:00,7735.2,7758.2,7758.2,7721.7,235.9963817
37,2020/04/28 11:00,7746.6,7735.244315,7749.8,7733.3,201.583112
38,2020/04/28 10:00,7735.690007,7746.5,7750,7721,130.0067248
39,2020/04/28 9:00,7687.1,7735.6,7736.6,7686.892537,274.3044697
40,2020/04/28 8:00,7699.9,7687.1,7700.2,7679.9,81.37287113
41,2020/04/28 7:00,7706.2,7699.8,7706.2,7688.370445,105.1664729
42,2020/04/28 6:00,7692.9,7706.4,7718.5,7677,255.3844384
43,2020/04/28 5:00,7674.6,7693,7693.2,7664.1,361.7869646
44,2020/04/28 4:00,7694.347805,7674.6,7694.4,7658.6,426.3463346
45,2020/04/28 3:00,7694.531651,7694.4,7696.7,7681.8,328.6145643
46,2020/04/28 2:00,7691.4,7694.6,7694.6,7655.8,411.2607601
47,2020/04/28 1:00,7739,7691.80807,7739,7679.7,236.0906657
48,2020/04/28 0:00,7777.7,7739,7777.7,7730.2,132.4023183
49,2020/04/27 23:00,7768,7777.603392,7777.7,7749,155.4569592
50,2020/04/27 22:00,7735,7767.147976,7771.9,7720.2,152.0348513
51,2020/04/27 21:00,7699.3,7734.9,7765.7,7699.2,241.3261966
52,2020/04/27 20:00,7702.3,7699.2,7708.8,7685.711409,53.45886872
53,2020/04/27 19:00,7709.6,7702.3,7730,7694.2,371.9449216
54,2020/04/27 18:00,7657.5,7709.6,7713.3,7655.5,159.2647954
55,2020/04/27 17:00,7661.5,7658,7667.7,7641.8,130.2354364
56,2020/04/27 16:00,7672.3,7661.3,7681.754484,7642.396124,325.9839597
57,2020/04/27 15:00,7665.4,7672.3,7688,7655.204779,185.3781006
58,2020/04/27 14:00,7687.9,7665.3,7688.9,7621.5,434.5882551
59,2020/04/27 13:00,7691.3,7687.9,7701.6,7613.4,475.9906311
60,2020/04/27 12:00,7716.4,7691.2,7720,7683.6,122.7842468
61,2020/04/27 11:00,7695.2,7714.2,7718,7690.4,157.0147982
62,2020/04/27 10:00,7699,7695.9,7708,7656.9,187.193892
63,2020/04/27 9:00,7699.9,7698.7,7720,7674.9,229.7732542
64,2020/04/27 8:00,7695,7699.1,7736.2,7685.961728,213.2484327
65,2020/04/27 7:00,7661,7694.9,7695,7640,124.2672178
66,2020/04/27 6:00,7699.7,7661.016014,7712,7650,166.4807642
67,2020/04/27 5:00,7728.035448,7699.9,7745.7,7690,98.68040132
68,2020/04/27 4:00,7731.278144,7728.035448,7731.3,7705,59.77504764
69,2020/04/27 3:00,7728.4,7731.278144,7749.4,7715.8,156.764571
70,2020/04/27 2:00,7688.251478,7728.4,7732,7682.3,155.3860254
71,2020/04/27 1:00,7736.750164,7691.5,7771.5,7632.6,969.3291645
72,2020/04/27 0:00,7697.9,7737.3,7756,7697.9,1569.965975
73,2020/04/26 23:00,7613.9,7697.9,7697.9,7613.244817,326.5367558
74,2020/04/26 22:00,7627.5,7613.9,7637,7578.7,180.3431642
75,2020/04/26 21:00,7642.3,7624.4,7652.1,7611,93.94602332
76,2020/04/26 20:00,7649.9,7641.6,7651.3,7631.086244,113.5232312
77,2020/04/26 19:00,7621.5,7650,7650,7609.6,58.31969387
78,2020/04/26 18:00,7585.6,7621.6,7630,7568,198.9217012
79,2020/04/26 17:00,7570.1,7585.5,7589.8,7555.3,241.6493331
80,2020/04/26 16:00,7550,7570.1,7585,7533.337938,148.3177141
81,2020/04/26 15:00,7643.8,7550,7643.8,7473.5,958.5706737
82,2020/04/26 14:00,7681.903356,7643.815208,7693.1,7630.1,193.4518211
83,2020/04/26 13:00,7650.091109,7681.9,7697.8,7619.2,461.996201
84,2020/04/26 12:00,7659,7650.091109,7665.7,7627.7,267.0147806
85,2020/04/26 11:00,7648,7659,7675.7,7624.3,634.9313674
86,2020/04/26 10:00,7584.5,7648,7669,7575,596.6454841
87,2020/04/26 9:00,7546.1,7584.6,7590,7540,372.8037335
88,2020/04/26 8:00,7545.6,7546.7,7553.5,7529.7,82.24325031
89,2020/04/26 7:00,7548.59485,7546.2,7558.1,7536.6,26.28873753
90,2020/04/26 6:00,7532.688708,7548.703055,7549.8,7532.580503,40.56967067
91,2020/04/26 5:00,7549.3,7532.7,7549.3,7532.7,41.58944781
92,2020/04/26 4:00,7562.6,7549.4,7562.6,7538.6,65.15467278
93,2020/04/26 3:00,7565.907645,7562.6,7569.3,7549.4,72.93851929
94,2020/04/26 2:00,7559.5,7565.907645,7578.6,7550.528385,34.71662661
95,2020/04/26 1:00,7561.1,7560.930204,7572.183533,7556.589693,43.10753247
96,2020/04/26 0:00,7538.6,7561.1,7561.1,7522.3,69.52984338
97,2020/04/25 23:00,7528.1,7538.5,7540,7507.2,170.1625154
98,2020/04/25 22:00,7528.2,7528.037237,7550.885222,7520.5,38.06087292
99,2020/04/25 21:00,7548.7,7528.8,7548.7,7502.4,136.07317
100,2020/04/25 20:00,7542.1,7548.7,7559.745822,7542,46.43454219
101,2020/04/25 19:00,7534.5,7541.8,7545.8,7521,46.00609304
102,2020/04/25 18:00,7537,7534.530436,7544.486726,7520.245325,41.9321749
103,2020/04/25 17:00,7552,7537,7552.1,7516,126.21848
104,2020/04/25 16:00,7532.2,7552,7565.2,7472.202132,184.9541676
105,2020/04/25 15:00,7581.8,7526.4,7700,7499.3,1441.248426
106,2020/04/25 14:00,7592.8,7580.1,7598.2,7534.1,222.1959733
107,2020/04/25 13:00,7552.81974,7592.8,7592.8,7552.81974,164.7326288
108,2020/04/25 12:00,7537,7552.9,7555.308813,7530,28.55402365
109,2020/04/25 11:00,7561.5,7537,7592.7,7512,397.8201442
110,2020/04/25 10:00,7558.6,7559.1,7570.1,7523,725.6751977
111,2020/04/25 9:00,7550,7558.2,7559.204752,7535.6,57.9599548
112,2020/04/25 8:00,7561,7550,7573.9,7514.8,112.187647
113,2020/04/25 7:00,7583.5,7560.4,7586.5,7550,104.4881746
114,2020/04/25 6:00,7561.6,7583.767197,7583.8,7519,569.8883093
115,2020/04/25 5:00,7525.5,7561.6,7561.6,7525.115249,144.8677023
116,2020/04/25 4:00,7526.4,7525.872793,7527,7506,22.9597448
117,2020/04/25 3:00,7496.3,7526.5,7527,7494.9,21.46771921
118,2020/04/25 2:00,7488.1,7498.3,7507.2,7483.2,140.5313588
119,2020/04/25 1:00,7477.17355,7489.3,7501.9,7458.9,47.80550949
120,2020/04/25 0:00,7508.4,7478,7515,7450,180.2964191
121,2020/04/24 23:00,7492.844693,7508.3,7514.7,7492.519943,30.67126603
122,2020/04/24 22:00,7502.478938,7495,7524.670177,7464.8,234.5069559
123,2020/04/24 21:00,7536.4,7502.478938,7557,7499,1613.827266
124,2020/04/24 20:00,7531.7,7538,7550.6,7531.7,164.3694324
125,2020/04/24 19:00,7525.8,7531.9,7535.5,7514.03827,77.29914173
126,2020/04/24 18:00,7520.761529,7525.7,7556.9,7520,541.7715889
127,2020/04/24 17:00,7529.1,7520.869451,7529.2,7511.8,30.32823628
128,2020/04/24 16:00,7522.9,7529.1,7532.6,7501,64.38252856
129,2020/04/24 15:00,7514.4,7522.9,7534.9,7501,125.0732082
130,2020/04/24 14:00,7488,7512.1,7521.3,7420.1,1003.601468
131,2020/04/24 13:00,7519.1,7488,7541.426736,7484.7,1234.302137
132,2020/04/24 12:00,7499.6,7518.8,7550.8,7462.066446,875.4082703
133,2020/04/24 11:00,7540.9,7499.622294,7613,7499.3,1070.850969
134,2020/04/24 10:00,7590.2,7540.805052,7590.5,7520,166.5528981
135,2020/04/24 9:00,7569.5,7590.3,7614,7560.3,194.8883293
136,2020/04/24 8:00,7586,7569.6,7593.216341,7536.8,112.3128287
137,2020/04/24 7:00,7543.927576,7586,7594.3,7542.8,452.9789298
138,2020/04/24 6:00,7509.046745,7543.927576,7546,7503.3,137.9014591
139,2020/04/24 5:00,7556.2,7509,7556.3,7509,49.77453088
140,2020/04/24 4:00,7536.7,7556.2,7556.2,7511.2,73.69497621
141,2020/04/24 3:00,7534.767498,7536.689273,7556.8,7523.6,62.75472997
142,2020/04/24 2:00,7500.6,7534.8,7545.8,7494.2,140.7408318
143,2020/04/24 1:00,7508,7500.6,7535.6,7487,161.7032283
144,2020/04/24 0:00,7499,7509.9,7535,7487.7,185.2195012
145,2020/04/23 23:00,7573.2,7498.9,7573.3,7457.5,447.0691837
146,2020/04/23 22:00,7605.5,7573.2,7607.3,7558,231.8544986
147,2020/04/23 21:00,7544.8,7601.1,7613.6,7544.71721,537.187699
148,2020/04/23 20:00,7533.524516,7544.8,7560,7525.2,574.0601487
149,2020/04/23 19:00,7548.309494,7534.5,7557.9,7515.2,434.15366
150,2020/04/23 18:00,7566.6,7548.4,7583.5,7514,503.4987076
151,2020/04/23 17:00,7520.9,7566.6,7567.6,7520.9,233.1925167
152,2020/04/23 16:00,7547.6,7520.9,7600.7,7503.3,643.9520983
153,2020/04/23 15:00,7555.4,7545.2,7571.9,7480.3,789.0326214
154,2020/04/23 14:00,7259.9,7555.4,7773.9,7259.9,7012.397124
155,2020/04/23 13:00,7185,7260.1,7270.1,7169.1,1967.030584
156,2020/04/23 12:00,7138.7,7185,7189.7,7121.5,786.7420285
157,2020/04/23 11:00,7075,7138.7,7149,7075,288.2062728
158,2020/04/23 10:00,7106,7075,7109.6,7074.2,443.3080552
159,2020/04/23 9:00,7095.3,7105.9,7105.9,7068.1,90.54321491
160,2020/04/23 8:00,7065.1,7094.7,7112.03221,7061.5,105.6168681
161,2020/04/23 7:00,7051.8,7065.1,7081,7047.4,87.78540297
162,2020/04/23 6:00,7112.1,7051.1,7112.1,7042,352.3916266
163,2020/04/23 5:00,7142.9,7113.303778,7149.4,7108,95.67018736
164,2020/04/23 4:00,7127.2,7144,7144.980099,7112,51.76912184
165,2020/04/23 3:00,7142.960024,7127.3,7167.512601,7126.1,38.77956906
166,2020/04/23 2:00,7185,7142.960024,7189,7140.1,135.3303687
167,2020/04/23 1:00,7126.481526,7185,7187.7,7125.2,291.7914799
168,2020/04/23 0:00,7133,7126.481526,7149.2,7110.5,240.8087136
169,2020/04/22 23:00,7119.6,7133,7133,7111,364.2651765
170,2020/04/22 22:00,7101.5569,7119.6,7120.3,7098.4,407.4138476
171,2020/04/22 21:00,7124.6,7101.6,7140,7101.4,81.5737108
172,2020/04/22 20:00,7100.3,7124.576741,7124.6,7095,33.09044784
173,2020/04/22 19:00,7107.5,7100.3,7130,7098.6,115.6178209
174,2020/04/22 18:00,7095.438394,7108.1,7129,7095,111.7545224
175,2020/04/22 17:00,7134.9,7095.438394,7137.8,7090.4,184.880822
176,2020/04/22 16:00,7125.1,7134.9,7164,7114.9,481.4112285
177,2020/04/22 15:00,7107.3,7125.1,7125.3,7094.2,287.0038375
178,2020/04/22 14:00,7075.9,7107.3,7148,7063.3,648.6189529
179,2020/04/22 13:00,6965,7076.3,7120.8,6955.6,1140.593261
180,2020/04/22 12:00,6963.90521,6965.6,6978.3,6939,115.4718753
181,2020/04/22 11:00,6945.133059,6964,6971,6945.133059,44.28753082
182,2020/04/22 10:00,6963.2,6945.2,6964.2,6939.914238,98.82206081
183,2020/04/22 9:00,6959.4,6961.4,6989.830551,6952.763319,177.1151121
184,2020/04/22 8:00,6953,6956.9,6960,6934.3,90.10271207
185,2020/04/22 7:00,6941.7,6952.908594,6975,6927.3,316.5653402
186,2020/04/22 6:00,6912.1,6941.690476,6941.7,6892.3,140.94213
187,2020/04/22 5:00,6862.3,6910.5,6920.7,6861.940116,54.40028598
188,2020/04/22 4:00,6869.5,6862.31191,6880.9,6856.863862,38.8377924
189,2020/04/22 3:00,6876.9,6869.6,6881.4,6861,38.23755482
190,2020/04/22 2:00,6859.00564,6878.6,6892.4,6853.4,33.39039437
191,2020/04/22 1:00,6842.4,6858,6858,6826.2,48.21664908
192,2020/04/22 0:00,6849.940543,6842.5,6870.1,6826.178304,92.92789164
193,2020/04/21 23:00,6899.8,6850,6905,6838.3,73.26281754
194,2020/04/21 22:00,6898.4,6899.9,6906.5,6867.1,342.9450318
195,2020/04/21 21:00,6895,6898.1,6917,6879,49.42257195
196,2020/04/21 20:00,6880.6,6894.8,6898.2,6870,89.32903665
197,2020/04/21 19:00,6881.8,6880.7,6905,6878.6,87.26770023
198,2020/04/21 18:00,6902.93875,6881.8,6914.2,6875.3,210.2401937
199,2020/04/21 17:00,6858.8,6902.3,6958.8,6818,594.3573584
200,2020/04/21 16:00,6844.168395,6857.2,6872.4,6826.4,214.2635347
201,2020/04/21 15:00,6827.5,6844.168395,6859.7,6814.4,255.9586997
202,2020/04/21 14:00,6845.645147,6826,6898.1,6824.5,329.6376183
203,2020/04/21 13:00,6820.3,6845.60037,6852,6796.1,439.3812639
204,2020/04/21 12:00,6806.1,6820.3,6851.9,6795.7,414.7360182
205,2020/04/21 11:00,6817.1,6806.068817,6843,6770.1,342.0284215
206,2020/04/21 10:00,6847.7,6817,6861.8,6813,192.829721
207,2020/04/21 9:00,6870.5,6847.8,6882.197066,6780.4,758.8834188
208,2020/04/21 8:00,6893.6,6870.5,6914.206364,6861.8,146.8963393
209,2020/04/21 7:00,6887.7,6893.6,6898.1,6871.2,200.6585042
210,2020/04/21 6:00,6893.6,6887.8,6906.5,6880,285.2757278
211,2020/04/21 5:00,6849.97694,6892.9,6893.9,6847.810784,210.5338097
212,2020/04/21 4:00,6860.9,6850,6867.4,6832.3,147.8249215
213,2020/04/21 3:00,6852,6860.9,6872.8,6844.909604,127.3971433
214,2020/04/21 2:00,6880,6852,6893.9,6839.834889,644.2874256
215,2020/04/21 1:00,6893.051551,6879.998284,6918.1,6879.998284,60.9284208
216,2020/04/21 0:00,6837.1,6893.097155,6923,6825,244.4214654
217,2020/04/20 23:00,6889.3,6837.7,6897.9,6835,161.9104849
218,2020/04/20 22:00,6858.1,6890,6900,6852.7,119.5203916
219,2020/04/20 21:00,6870,6858.5,6890,6843.4,176.7896379
220,2020/04/20 20:00,6779.1,6870.1,6876.979145,6766,780.505576
221,2020/04/20 19:00,6871.588773,6779.8,6905.173269,6774.6,745.5891671
222,2020/04/20 18:00,6882.2,6870.2,6997.8,6838.9,972.8178864
223,2020/04/20 17:00,7055.6,6882.2,7055.6,6850,1095.987201
224,2020/04/20 16:00,7082.939013,7054.701858,7093.1,7040.5,81.06301859
225,2020/04/20 15:00,7083.2,7083,7114.4,7071.7,210.6039519
226,2020/04/20 14:00,7036,7083.147494,7135.9,7021,832.2260083
227,2020/04/20 13:00,7038.1,7036,7058,7021,223.6682866
228,2020/04/20 12:00,6963.3,7038.1,7069.8,6914.6,836.5058557
229,2020/04/20 11:00,7081.2,6967.3,7088.2,6950.1,930.2882257
230,2020/04/20 10:00,7151.4,7081.2,7151.5,7011,1096.595838
231,2020/04/20 9:00,7161.402944,7151,7165,7120.4,757.539757
232,2020/04/20 8:00,7199,7161.4,7204.6,7147.9,361.4769201
233,2020/04/20 7:00,7183.8,7199,7206.2,7175.501254,88.22474852
234,2020/04/20 6:00,7190.9,7183.3,7194.5,7169,20.33474402
235,2020/04/20 5:00,7190.960196,7187.7,7194.5,7173,25.56481887
236,2020/04/20 4:00,7178.6,7191,7236.3,7178.6,107.5068977
237,2020/04/20 3:00,7195.4,7178.555977,7200,7178.4,24.60258616
238,2020/04/20 2:00,7173.4,7191.843678,7210.2,7162.889481,108.3680374
239,2020/04/20 1:00,7180,7174.4,7180.370051,7150.3,53.2664986
240,2020/04/20 0:00,7133.3,7179,7186.494815,7100,167.7283124
241,2020/04/19 23:00,7186,7133.3,7198.2,7109,177.1354748
242,2020/04/19 22:00,7202,7184.1,7205.2,7164.8,60.02123475
243,2020/04/19 21:00,7156.146777,7202.4,7226,7156.1,398.2037571
244,2020/04/19 20:00,7147.210879,7156.146777,7162.5,7130.2,47.1279342
245,2020/04/19 19:00,7159.4,7147.207139,7162.8,7129.9,46.22089319
246,2020/04/19 18:00,7170,7158.6,7170,7150,106.6497499
247,2020/04/19 17:00,7133,7169.99803,7179.7,7130,207.8616315
248,2020/04/19 16:00,7107.3,7132.9,7141,7103,103.6955028
249,2020/04/19 15:00,7115.4,7109,7130.3,7101.6,148.5297013
250,2020/04/19 14:00,7112.034266,7115.5,7123,7056.9,419.0887076
251,2020/04/19 13:00,7168.7,7112.4,7168.8,7085,448.2292328
252,2020/04/19 12:00,7171.2,7168.7,7179.894283,7159.8,207.9871778
253,2020/04/19 11:00,7175.1,7170.97678,7175.1,7149.1,119.3623844
254,2020/04/19 10:00,7185.766784,7175.007126,7195.1,7166.7,141.861519
255,2020/04/19 9:00,7161.7,7185.6,7205,7150,118.1285127
256,2020/04/19 8:00,7159.1,7162.059278,7169.5,7136,129.7856673
257,2020/04/19 7:00,7169.1,7159.5,7170,7134.9,174.0955249
258,2020/04/19 6:00,7130.95677,7169.1,7174,7120,485.4396904
259,2020/04/19 5:00,7240.1,7131,7240.2,7120,709.9293263
260,2020/04/19 4:00,7244,7240.141798,7250,7240.1,26.37898462
261,2020/04/19 3:00,7251.2,7243.9,7254.7,7236.3,31.45196029
262,2020/04/19 2:00,7246,7250,7260,7229.9,64.4987784
263,2020/04/19 1:00,7238.7,7246.014299,7248,7210.1,49.41568394
264,2020/04/19 0:00,7269,7238.689521,7285.4,7210,317.6018208
265,2020/04/18 23:00,7281.2,7268.8,7298,7247,165.7513378
266,2020/04/18 22:00,7233.9,7281.4,7309.7,7230,450.7337229
267,2020/04/18 21:00,7241.664298,7234.813046,7253.4,7228.9,177.8965025
268,2020/04/18 20:00,7227.961795,7241.6,7242.5,7212.5,68.54588388
269,2020/04/18 19:00,7213.7,7227.9,7233.3,7200,140.9435226
270,2020/04/18 18:00,7210.2,7213.7,7216.7,7191.6,131.6738168
271,2020/04/18 17:00,7208.9,7208.3,7223,7195,103.9612862
272,2020/04/18 16:00,7262.435553,7208.9,7270,7180.8,425.0806038
273,2020/04/18 15:00,7246.8,7262,7267.9,7238,141.1014997
274,2020/04/18 14:00,7263.5,7246.7,7284,7233.8,441.5372753
275,2020/04/18 13:00,7157.4,7261.3,7275,7150.3,1501.70732
276,2020/04/18 12:00,7123.6,7157.491777,7182.4,7097.1,390.3714055
277,2020/04/18 11:00,7093,7123.6,7135.198022,7075.1,98.82862806
278,2020/04/18 10:00,7113.230516,7092.9,7113.230516,7070.8,144.4917192
279,2020/04/18 9:00,7106.7,7113.2,7119.755518,7103,39.26343156
280,2020/04/18 8:00,7110.620515,7106.7,7127.2,7100.398013,35.6690748
281,2020/04/18 7:00,7103,7110.6,7115.6,7094.7,31.51292616
282,2020/04/18 6:00,7116.6,7103,7124.9,7098.9,174.974962
283,2020/04/18 5:00,7100.071763,7116.7,7133,7100,113.17439
284,2020/04/18 4:00,7103.2,7100,7118.2,7100,35.66854646
285,2020/04/18 3:00,7100.071763,7103.230219,7121.6,7100,51.67115351
286,2020/04/18 2:00,7096,7100.2,7125,7096,87.96283601
287,2020/04/18 1:00,7085.6,7095.4,7105.9,7082.3,99.02921548
288,2020/04/18 0:00,7045.805499,7085.010373,7090,7031.1,149.2644063
289,2020/04/17 23:00,7073,7045.8,7159.5,7030.262072,494.6235062
290,2020/04/17 22:00,7066.5,7072.925781,7086.4,7063.6,29.20397378
291,2020/04/17 21:00,7075,7066.5,7096.1,7059.8,60.87377123
292,2020/04/17 20:00,7090.655139,7075.072917,7105,7064,109.9844307
293,2020/04/17 19:00,7050.061706,7090.1,7110.8,7049.5,371.8463267
294,2020/04/17 18:00,7055.6,7050.061706,7061.8,7030.8,104.2005376
295,2020/04/17 17:00,7068.129372,7055.6,7080.536629,7045.6,48.3998933
296,2020/04/17 16:00,7060.084671,7068.1,7074.923117,7052.9,184.1383826
297,2020/04/17 15:00,7044.2,7060,7077.831132,7034.8,99.32481743
298,2020/04/17 14:00,7081,7044.842136,7093.8,7035,333.2456441
299,2020/04/17 13:00,7117.088218,7081,7118,7010.2,587.9337833
300,2020/04/17 12:00,7095.051408,7113.149905,7117.3,7085.7,83.62293319
301,2020/04/17 11:00,7112,7095,7140.6,7077.8,140.7221459
302,2020/04/17 10:00,7122.424781,7115.6,7129.719332,7099.557583,67.544815
303,2020/04/17 9:00,7081.907396,7122.424781,7143,7081.9,663.6039407
304,2020/04/17 8:00,7062.7,7081.907396,7095.9,7051.4,77.39491133
305,2020/04/17 7:00,7070.52619,7061.3,7091.4,7050,129.710227
306,2020/04/17 6:00,7086.609216,7070.52619,7089.1,7041.9,105.0153233
307,2020/04/17 5:00,7058.4,7086.609216,7096.3,7042.409602,150.7817988
308,2020/04/17 4:00,7103.991429,7058.6,7103.991429,7026.610333,135.2484286
309,2020/04/17 3:00,7079,7103.9,7104.7,7064.951433,71.7561368
310,2020/04/17 2:00,7128,7080.066536,7128,7079.1,125.5492349
311,2020/04/17 1:00,7081,7129.8,7145,7081,131.6269426
312,2020/04/17 0:00,7114.7,7081.1,7160.5,7037.5,374.2106826
313,2020/04/16 23:00,7175.1,7114.7,7200,7076.5,474.2968626
314,2020/04/16 22:00,7085.3,7171.3,7188,7080,697.872673
315,2020/04/16 21:00,7066.7,7085.2,7098.8,7046.968222,162.3034891
316,2020/04/16 20:00,7094.9,7064.2,7095,6992,391.241509
317,2020/04/16 19:00,7027.9,7094.9,7109.1,7014.3,518.3249223
318,2020/04/16 18:00,7024,7028,7058.9,6996,86.70503597
319,2020/04/16 17:00,7026.33807,7024,7045.3,7011.1,100.4727789
320,2020/04/16 16:00,7067.1,7023.9,7075,6980,346.4969868
321,2020/04/16 15:00,7042.374299,7067.1,7074.5,7025,277.5382913
322,2020/04/16 14:00,7000,7042.4,7043,7000,267.3245016
323,2020/04/16 13:00,7085.1,7000,7100,7000,427.4856562
324,2020/04/16 12:00,7048.9,7085,7089.5,6962.4,613.7450472
325,2020/04/16 11:00,6987.250297,7050.9,7084,6971.486368,362.8989917
326,2020/04/16 10:00,7049.957394,6987.3,7078.7,6940.1,1583.059735
327,2020/04/16 9:00,7072.6,7049.957394,7127,7012.4,1288.619826
328,2020/04/16 8:00,6918.2,7072.6,7166.4,6906.014904,2704.184872
329,2020/04/16 7:00,6700,6917.3,6999,6699.9,3084.924912
330,2020/04/16 6:00,6649.6,6699.975505,6700,6649.537582,338.377724
331,2020/04/16 5:00,6638.6,6649.537582,6672.2,6638.6,102.3790416
332,2020/04/16 4:00,6664.1,6638.6,6685.2,6638.5,89.28583097
333,2020/04/16 3:00,6654.951216,6664.2,6685.2,6614.3,246.6212433
334,2020/04/16 2:00,6637.542684,6654.9,6660,6620.5,217.2276512
335,2020/04/16 1:00,6587.1,6637.433878,6677,6556,751.7599506
336,2020/04/16 0:00,6633.72277,6587.2,6633.8,6500.4,2621.499213
337,2020/04/15 23:00,6722.230975,6633.72277,6726.26475,6620.5,678.0719869
338,2020/04/15 22:00,6743.1,6722.558038,6743.1,6706,123.1187013
339,2020/04/15 21:00,6762.4,6743,6774.5,6742.4,62.24899469
340,2020/04/15 20:00,6747.7,6762.4,6766.2,6737,42.51977082
341,2020/04/15 19:00,6771.4,6747.7,6771.4,6746.2555,460.246427
342,2020/04/15 18:00,6768.508522,6771.3,6785.9,6761.1,247.64563
343,2020/04/15 17:00,6750,6768.5,6777.5,6746,122.1663625
344,2020/04/15 16:00,6717,6750,6762.9,6705.6,107.6180617
345,2020/04/15 15:00,6735.066101,6717,6750,6707.5,411.7965727
346,2020/04/15 14:00,6741.2,6735,6779.4,6728.9,215.0310994
347,2020/04/15 13:00,6723.8,6741.188487,6759.905401,6701,356.9215851
348,2020/04/15 12:00,6786.6,6723.8,6787.645352,6700,1233.854547
349,2020/04/15 11:00,6792.1,6788,6804.690801,6756,249.2037626
350,2020/04/15 10:00,6844.8,6791.7,6873.082069,6766,289.0682419
351,2020/04/15 9:00,6851.256027,6845.5,6863.2,6838.7,154.538536
352,2020/04/15 8:00,6867.867632,6851.256027,6883.3,6841.794763,276.9861643
353,2020/04/15 7:00,6894,6871.5,6898.8,6865.2,161.7508062
354,2020/04/15 6:00,6917.1,6894,6926.1,6890.7,61.22420912
355,2020/04/15 5:00,6904.2,6917.1,6917.1,6885.6,55.55881907
356,2020/04/15 4:00,6914.016617,6904.2,6940.6,6904.2,72.63706479
357,2020/04/15 3:00,6904.076766,6914.016617,6919.724693,6886.6,61.29206397
358,2020/04/15 2:00,6881.9,6904,6909.8,6878,66.80428874
359,2020/04/15 1:00,6839.9,6881.4,6881.4,6837,59.80261262
360,2020/04/15 0:00,6872.9,6839.9,6872.9,6808,436.8381227
361,2020/04/14 23:00,6880.1,6874,6897.541752,6850,57.09779757
362,2020/04/14 22:00,6860.3,6882,6912,6842,55.82465608
363,2020/04/14 21:00,6868.9,6860.3,6888,6847.4,83.7208719
364,2020/04/14 20:00,6922,6868.9,6931.7,6845,138.2232353
365,2020/04/14 19:00,6916.001009,6922,6928.7,6862.9,75.65642481
366,2020/04/14 18:00,6920.261823,6916,6946.122916,6892.6,116.0857587
367,2020/04/14 17:00,6956,6920.261823,6985,6920,190.9418635
368,2020/04/14 16:00,6917.8,6956,6960,6892.6,119.0098765
369,2020/04/14 15:00,6900.1,6917.8,6947.9,6889,182.6152229
370,2020/04/14 14:00,6895,6899.446405,6964.2,6871.8,692.9203585
371,2020/04/14 13:00,6845.7,6894.998182,6895,6844.3,185.1588183
372,2020/04/14 12:00,6839.9,6847.2,6853.5,6813.6,363.0028802
373,2020/04/14 11:00,6835,6837.3,6872.9,6820,80.63424909
374,2020/04/14 10:00,6853.770532,6835.5,6881,6835.5,184.6255666
375,2020/04/14 9:00,6792.4,6854.2,6859,6782.3,151.4452159
376,2020/04/14 8:00,6824,6790.4,6824.048204,6762.6,541.7137786
377,2020/04/14 7:00,6879.763135,6824,6901,6820.5,237.2465461
378,2020/04/14 6:00,6892.4,6875.9,6892.4,6868.1,76.04134764
379,2020/04/14 5:00,6892.3,6892.725212,6905.2,6877.7,69.48212681
380,2020/04/14 4:00,6895.1,6892.4,6927.9,6884.2,254.9666356
381,2020/04/14 3:00,6861.4,6895,6905,6844.6,182.4629434
382,2020/04/14 2:00,6856.190203,6861.2,6870,6855.1,52.75720252
383,2020/04/14 1:00,6837,6855.8,6856.5,6812.2,61.82564792
384,2020/04/14 0:00,6847.30542,6837,6880,6814.3,148.8831276
385,2020/04/13 23:00,6880,6848.7,6900,6827.1,397.8560616
386,2020/04/13 22:00,6843.279371,6879.952858,6900,6814.1,208.1004795
387,2020/04/13 21:00,6823.7,6837.5,6891.9,6803,458.0904342
388,2020/04/13 20:00,6784.1,6823.6,6839.961403,6781.9,560.6917343
389,2020/04/13 19:00,6759,6786.9,6815,6759,230.9942881
390,2020/04/13 18:00,6760.9,6759,6790.9,6759,151.4573891
391,2020/04/13 17:00,6759.579591,6760.8,6790.7,6748.5,171.5631844
392,2020/04/13 16:00,6770.811201,6757.3,6808.2,6746.8,316.8810369
393,2020/04/13 15:00,6723.259042,6774.3,6824,6710.8,436.4221439
394,2020/04/13 14:00,6627.3,6730.5,6766.5,6623.4,606.1224795
395,2020/04/13 13:00,6697.3,6627.4,6736,6623.4,648.0360661
396,2020/04/13 12:00,6780.5,6696.1,6780.5,6675.3,545.1150117
397,2020/04/13 11:00,6730.2,6781,6840,6704.8,914.8812084
398,2020/04/13 10:00,6690.4,6730.2,6730.6,6690.4,185.5966642
399,2020/04/13 9:00,6710.2,6690.3,6710.2,6675.8,343.1891179
400,2020/04/13 8:00,6706.6,6710.2,6724.5,6697,229.2702339
401,2020/04/13 7:00,6742.2,6706.504438,6745.9,6695,110.3665796
402,2020/04/13 6:00,6704,6742.2,6744.7,6697.3,186.5994375
403,2020/04/13 5:00,6695.9,6704,6720,6692.328709,79.06430962
404,2020/04/13 4:00,6689.8,6695.3,6717.304798,6656.5,642.8967284
405,2020/04/13 3:00,6729.692091,6690.2,6733.7,6685,121.0030097
406,2020/04/13 2:00,6697.555759,6729.692091,6745.712062,6670,649.0879649
407,2020/04/13 1:00,6727.582758,6697.9,6737.9,6658.3,350.089275
408,2020/04/13 0:00,6916.6,6727.6,6917,6571.1,4134.996039
409,2020/04/12 23:00,7047.2,6919,7057.2,6900,480.5615576
410,2020/04/12 22:00,7129.8,7047.5,7155.8,6979.1,691.2780149
411,2020/04/12 21:00,7119.915803,7129.8,7142.1,7088.4,192.7420142
412,2020/04/12 20:00,7135.1,7118.7,7166,7088,397.4737348
413,2020/04/12 19:00,7121.3,7135,7168.5,7117.5,214.5613452
414,2020/04/12 18:00,7124.9,7121.306369,7153.1,7096.5,801.1823718
415,2020/04/12 17:00,7155.4,7124.9,7192.5,7080.1,780.3565165
416,2020/04/12 16:00,7032,7158.9,7158.9,7031.9,996.8750232
417,2020/04/12 15:00,6983.8,7031.963341,7038,6983.8,249.88954
418,2020/04/12 14:00,6928.7,6983.7,7084.5,6924.3,1943.613949
419,2020/04/12 13:00,6920,6928.622875,6940,6898.6,222.0048003
420,2020/04/12 12:00,6870,6920,6944,6870,262.8222113
421,2020/04/12 11:00,6846.278567,6870,6898.6,6846.278567,141.0230489
422,2020/04/12 10:00,6865,6846.2,6865.1,6845.5,32.27730604
423,2020/04/12 9:00,6848.7,6865,6869.9,6848.6,55.3662934
424,2020/04/12 8:00,6843.2,6848.6,6851.7,6843.1,121.0431771
425,2020/04/12 7:00,6835.5,6843.2,6843.2,6819.8,318.0267926
426,2020/04/12 6:00,6841.3,6834.4,6848.2,6821.1,48.89544357
427,2020/04/12 5:00,6824,6841.2,6851.9,6815.1,106.0742259
428,2020/04/12 4:00,6817.1,6824.4,6828.1,6797.6,228.8391878
429,2020/04/12 3:00,6827.8,6817.6,6837.5,6812.3,63.55122404
430,2020/04/12 2:00,6854.6,6827.9,6854.6,6807.4,230.1441155
431,2020/04/12 1:00,6875,6854.589546,6885.3,6846.3,110.4468455
432,2020/04/12 0:00,6884.5,6875,6908.8,6870.5,200.0505651
433,2020/04/11 23:00,6865.9,6884.5,6886.1,6851.1,99.8093011
434,2020/04/11 22:00,6880,6866.8,6890.9,6854.3,751.4116456
435,2020/04/11 21:00,6807.8,6880,6886.3,6790,352.0364163
436,2020/04/11 20:00,6821,6806.6,6821,6780,238.782194
437,2020/04/11 19:00,6828.5,6820.5,6854,6806,222.2263438
438,2020/04/11 18:00,6800.2,6828.1,6843.1,6798.4,112.4345404
439,2020/04/11 17:00,6826.9,6800,6835.8,6800,301.7837715
440,2020/04/11 16:00,6847.2,6826.9,6870,6801,278.6207214
441,2020/04/11 15:00,6825.1,6847.2,6872.1,6824.3,75.67733
442,2020/04/11 14:00,6864.488852,6825.1,6864.488852,6814.6,194.9562146
443,2020/04/11 13:00,6883.77579,6864.4,6891.3,6853.1,49.59415864
444,2020/04/11 12:00,6897.064398,6883.7,6902.1,6867.3,52.27434534
445,2020/04/11 11:00,6853.8,6897,6903.7,6853.8,70.72025986
446,2020/04/11 10:00,6875.3,6856.8,6882.206393,6853.5,60.40243151
447,2020/04/11 9:00,6893.152421,6875.366994,6895,6849.9,183.3434197
448,2020/04/11 8:00,6890.4,6893.152421,6908.6,6874.4,96.25315601
449,2020/04/11 7:00,6936.3,6886.3,6936.930222,6872.3,196.2826468
450,2020/04/11 6:00,6940.433214,6936.1,6947.8,6926,81.64773768
451,2020/04/11 5:00,6924.37987,6940.433214,6946.9,6913.4,84.79155274
452,2020/04/11 4:00,6918.6,6924.5,6957.8,6915,176.3112148
453,2020/04/11 3:00,6917.3,6917.3,6927.7,6902.3,95.3088884
454,2020/04/11 2:00,6917.8,6917.3,6930.4,6895.3,91.72734672
455,2020/04/11 1:00,6914,6917.5,6933,6897,100.7649481
456,2020/04/11 0:00,6874.3,6913.9,6914,6850.1,100.9526003
457,2020/04/10 23:00,6868.69634,6875.5,6884.8,6832.4,92.18601864
458,2020/04/10 22:00,6907.7,6868.69634,6924,6834,195.4301738
459,2020/04/10 21:00,6922.1,6903.2,6946.5,6896.8,141.7659175
460,2020/04/10 20:00,6915.2,6921.3,6926.2,6890.93661,68.60938475
461,2020/04/10 19:00,6919.108991,6915.2,6949.6,6869,225.3622093
462,2020/04/10 18:00,6869.5,6919.2,6925.1,6862,333.8785059
463,2020/04/10 17:00,6869.1,6868.9,6906.5,6853,240.9637666
464,2020/04/10 16:00,6780.4,6876.3,6876.3,6756.3,577.6725424
465,2020/04/10 15:00,6864,6780.4,6878.1,6757.8,1223.040144
466,2020/04/10 14:00,6912,6867.7,6923.496296,6842,665.0298877
467,2020/04/10 13:00,6936,6912.5,6936,6808.9,1087.224782
468,2020/04/10 12:00,6905.1,6935,6996.418409,6894.9,974.3074205
469,2020/04/10 11:00,6941.3,6905.1,6944.9,6904,205.1603813
470,2020/04/10 10:00,6924.162111,6941.1,6950,6909,344.8353912
471,2020/04/10 9:00,6928,6924.162111,6941.5,6866.1,490.5886755
472,2020/04/10 8:00,6936.1,6928.1,6961.9,6886,988.9794456
473,2020/04/10 7:00,6974.2,6934.6,6974.2,6874.1,2463.02669
474,2020/04/10 6:00,6966.2,6974.2,7014.8,6950,349.2628348
475,2020/04/10 5:00,7144.5,6968.3,7144.6,6907.3,3202.752063
476,2020/04/10 4:00,7185.8,7144.6,7185.8,7081.1,1204.554972
477,2020/04/10 3:00,7254.1,7185.8,7258.714764,7175,403.260346
478,2020/04/10 2:00,7267.5,7254.144355,7275.8,7223.3,221.9496746
479,2020/04/10 1:00,7301.7,7268.6,7303.140665,7258.2,61.54688673
480,2020/04/10 0:00,7293.7,7302,7305.761997,7261,83.21195467
481,2020/04/09 23:00,7319.2,7293.7,7320.8,7284.8,50.44472808
482,2020/04/09 22:00,7315.8,7321.3,7321.3,7293,232.366972
483,2020/04/09 21:00,7313.2,7314.4,7317.7,7278.5,250.1929831
484,2020/04/09 20:00,7276.1,7314,7317.5,7258.4,65.15909604
485,2020/04/09 19:00,7260,7276.2,7288.3,7255,139.2402601
486,2020/04/09 18:00,7305,7260,7305,7255.5,220.4883536
487,2020/04/09 17:00,7290.1,7304.933891,7322.6,7282.2,120.7504276
488,2020/04/09 16:00,7288.7,7291.8,7309.9,7280.148646,84.62283098
489,2020/04/09 15:00,7335,7288.7,7335,7266,217.7464307
490,2020/04/09 14:00,7350.495548,7335,7362.2,7305.9,283.3231387
491,2020/04/09 13:00,7320.6,7350.495548,7358.9,7281.6,828.1815912
492,2020/04/09 12:00,7193.4,7320.6,7324.9,7117,1425.939666
493,2020/04/09 11:00,7319.255671,7194.9,7338.9,7150,946.8814081
494,2020/04/09 10:00,7302.1,7317.9,7326.4,7291.9,79.83650223
495,2020/04/09 9:00,7344.467545,7302.7,7344.467545,7302.4,139.3285485
496,2020/04/09 8:00,7348.1,7344.467545,7365.4,7325,359.11923
497,2020/04/09 7:00,7321.9511,7342.8,7365.7,7301.3,386.2303707
498,2020/04/09 6:00,7323.9,7321,7333.5,7312.7,98.95835706
499,2020/04/09 5:00,7300.9,7323.9,7324,7290.1,118.3042976
500,2020/04/09 4:00,7295.9,7301,7306.4,7254.6,679.9876452
501,2020/04/09 3:00,7330.3,7296.3,7330.3,7276.5,178.4879099
502,2020/04/09 2:00,7323.3,7330.7,7336.1,7307,70.61758143
503,2020/04/09 1:00,7350.8,7323.6,7361.5,7303.1,657.6630685
504,2020/04/09 0:00,7367.1,7350,7370.7,7330.7,120.3357052
505,2020/04/08 23:00,7369.086114,7367,7390.2,7350.1,165.9700652
506,2020/04/08 22:00,7335.1,7369.1,7381,7330,186.0866742
507,2020/04/08 21:00,7326.3,7335.1,7370,7299.5,206.8117265
508,2020/04/08 20:00,7318.140331,7326.3,7371.6,7315.4,477.4989298
509,2020/04/08 19:00,7329,7316.1,7342.8,7266.7,212.0551158
510,2020/04/08 18:00,7313.5,7328.9,7339.9,7302,128.26073
511,2020/04/08 17:00,7332.392393,7311.3,7355.2,7305.3,251.6710739
512,2020/04/08 16:00,7282,7332.392393,7340,7262.4,221.9171105
513,2020/04/08 15:00,7275.967956,7280.5,7304.3,7265,262.292938
514,2020/04/08 14:00,7220.9,7275.941527,7276,7218.7,135.983516
515,2020/04/08 13:00,7284.949755,7219.3,7307.1,7206.6,302.0634005
516,2020/04/08 12:00,7298.664082,7285,7354.5,7237.9,270.7595523
517,2020/04/08 11:00,7254.7,7298.9,7305.9,7245.2,129.3764953
518,2020/04/08 10:00,7310.086368,7260,7346.9,7223.1,355.7177597
519,2020/04/08 9:00,7297.1,7310,7323.9,7282,156.7536109
520,2020/04/08 8:00,7321.944248,7295.4,7332.2,7249.8,611.9034752
521,2020/04/08 7:00,7318.2,7321.8,7352,7307.8,125.1811305
522,2020/04/08 6:00,7416,7315.6,7420,7300,506.9741879
523,2020/04/08 5:00,7360.802428,7416,7418.7,7335.8,367.1063038
524,2020/04/08 4:00,7356.5,7360.9,7389.6,7339,1098.59959
525,2020/04/08 3:00,7264.7,7357.2,7393.1,7264.7,721.7539005
526,2020/04/08 2:00,7160.1,7264.7,7298.2,7160.1,877.4079786
527,2020/04/08 1:00,7160.5,7160,7189.9,7155.3,212.8632263
528,2020/04/08 0:00,7201.8,7158,7217.8,7151.644912,197.4146712
529,2020/04/07 23:00,7176.2,7202.998329,7215,7174.1,167.563348
530,2020/04/07 22:00,7180.4,7172.267904,7205.4,7130,160.9640072
531,2020/04/07 21:00,7129.733577,7180.4,7228.6,7092.9,499.3082993
532,2020/04/07 20:00,7291.3,7129.8,7292.7,7088,1575.118217
533,2020/04/07 19:00,7307.7,7291.9,7371.4,7283.7,118.1857934
534,2020/04/07 18:00,7354.3,7307.8,7354.3,7289.8,178.0234257
535,2020/04/07 17:00,7373.5,7354.5,7378,7328.5,153.6415089
536,2020/04/07 16:00,7334.1,7373.6,7392.2,7330.7,122.2689563
537,2020/04/07 15:00,7289.3,7334.1,7349,7288.3,175.7834742
538,2020/04/07 14:00,7355.1,7289.256371,7358.1,7258.2,547.8814137
539,2020/04/07 13:00,7347.2,7355.2,7398,7346.6,380.5780856
540,2020/04/07 12:00,7384.444724,7350,7452,7303.8,1110.356927
541,2020/04/07 11:00,7429.9,7383.1,7429.9,7354.8,231.4092034
542,2020/04/07 10:00,7380.289685,7429.951786,7443,7380.2,652.5331379
543,2020/04/07 9:00,7369.9,7380.3,7380.3,7349.3,369.8345883
544,2020/04/07 8:00,7391.2,7369.890719,7396,7334.3,176.2063925
545,2020/04/07 7:00,7322,7390.9,7395.825051,7317.7,241.8946389
546,2020/04/07 6:00,7292,7322,7322,7272.2,107.1361385
547,2020/04/07 5:00,7263.7,7295.5,7305,7255.6,79.49009263
548,2020/04/07 4:00,7335.1,7262,7338.7,7237.4,172.2891001
549,2020/04/07 3:00,7320.1,7334.1,7335.9,7272.1,187.2752785
550,2020/04/07 2:00,7355.5,7320.1,7387.7,7246.5,1577.244028
551,2020/04/07 1:00,7377.756859,7356.2,7417,7341,729.8504266
552,2020/04/07 0:00,7340.2,7377.7,7454.3,7317.5,2278.516347
553,2020/04/06 23:00,7287.1,7340.2,7364.4,7249.969495,950.97512
554,2020/04/06 22:00,7312.8,7287.1,7312.8,7253.4,159.4620753
555,2020/04/06 21:00,7242,7312.7,7317.2,7226.3,305.5759208
556,2020/04/06 20:00,7280,7242,7304.516754,7211,460.9153181
557,2020/04/06 19:00,7255,7280.1,7313.1,7238.6,1528.730579
558,2020/04/06 18:00,7222.2,7255,7255,7190.1,482.631029
559,2020/04/06 17:00,7168.1,7222,7241,7146.1,1070.053265
560,2020/04/06 16:00,7160.3,7168.036474,7195.8,7096,681.6796989
561,2020/04/06 15:00,7118.89266,7160.3,7165.2,7098.9,336.7314325
562,2020/04/06 14:00,7118.4,7118.8,7132.6,7070.3,208.1630032
563,2020/04/06 13:00,7148.8,7118.9,7174.5,7061.2,310.400406
564,2020/04/06 12:00,7109.9,7148.4,7174.8,7109.9,369.9427871
565,2020/04/06 11:00,7097.007602,7109.9,7127,7088.042916,254.094254
566,2020/04/06 10:00,7117.9,7097,7173.2,7086.1,760.2781137
567,2020/04/06 9:00,7061.9,7117.3,7151,7061.9,902.7644684
568,2020/04/06 8:00,7053.1,7061.9,7098.3,7024.159632,405.3558891
569,2020/04/06 7:00,7097.2,7053.081027,7111,6972.7,2209.58393
570,2020/04/06 6:00,7001.9,7095.2,7110.9,6972.223707,966.4480854
571,2020/04/06 5:00,6957.3,7001.1,7028.5,6927.8,931.0573595
572,2020/04/06 4:00,6850.1,6954.7,6967.2,6850.094351,514.0322027
573,2020/04/06 3:00,6835.9,6850.1,6863.9,6835.8,79.67809321
574,2020/04/06 2:00,6856.5,6835.9,6866.3,6809.5,99.14121043
575,2020/04/06 1:00,6880.8,6856.5,6900,6841,174.2835921
576,2020/04/06 0:00,6780.8,6881,6889.9,6775.1,423.7133096
577,2020/04/05 23:00,6810,6780.2,6817,6778,90.20136323
578,2020/04/05 22:00,6767.4,6809.4,6819,6761,140.6352513
579,2020/04/05 21:00,6763.3,6767.4,6810,6729.2,121.3991814
580,2020/04/05 20:00,6798.4,6763.5,6800,6739.6,144.2634268
581,2020/04/05 19:00,6801.3,6800,6820,6797.4,273.3773004
582,2020/04/05 18:00,6800,6801.2,6820,6791,203.3378971
583,2020/04/05 17:00,6788.4,6800,6841.4,6690.2,1273.271275
584,2020/04/05 16:00,6792.1,6788.3,6800,6777.4,163.6519444
585,2020/04/05 15:00,6790,6794.6,6813,6780,462.7048697
586,2020/04/05 14:00,6806.7,6790,6808,6780,118.9341583
587,2020/04/05 13:00,6795.6,6807.4,6829.9,6790,86.69950714
588,2020/04/05 12:00,6794.9,6795.6,6800,6771.1,83.8478477
589,2020/04/05 11:00,6764.034044,6794.936325,6824,6764,255.5902217
590,2020/04/05 10:00,6784.6,6764,6789.4,6755,261.0943665
591,2020/04/05 9:00,6791.3,6784.7,6843.1,6774.020977,225.010112
592,2020/04/05 8:00,6787.6,6791.2,6799.4,6773.3,277.6009544
593,2020/04/05 7:00,6790,6785.5,6799.4,6774.5,281.1372818
594,2020/04/05 6:00,6808.4,6789.9,6808.4,6755.4,504.3236166
595,2020/04/05 5:00,6796.8,6809.7,6868.6,6784.1,135.3374613
596,2020/04/05 4:00,6821,6795.5,6821.7,6768.4,144.228718
597,2020/04/05 3:00,6859,6821.1,6859,6815,52.32305425
598,2020/04/05 2:00,6868.9,6859,6869.5,6821.4,76.51439002
599,2020/04/05 1:00,6881.9,6866.4,6901.1,6857,139.0061643
600,2020/04/05 0:00,6880.6,6881.9,6917.9,6857,138.1862856
601,2020/04/04 23:00,6865,6880.1,6886.6,6838.804599,59.24657724
602,2020/04/04 22:00,6881.6,6868.5,6896.7,6810,208.8550526
603,2020/04/04 21:00,6852.2,6880.6,6906.4,6850.1,236.5822072
604,2020/04/04 20:00,6760.1,6851,7014,6759,2160.513835
605,2020/04/04 19:00,6797.529524,6760.036196,6799,6735.72496,151.856747
606,2020/04/04 18:00,6796.665124,6797.5,6816,6789.1,59.90715637
607,2020/04/04 17:00,6803.4,6796.665124,6819.1,6779.3,259.3067525
608,2020/04/04 16:00,6744,6803.5,6809.090867,6735.9,289.5764172
609,2020/04/04 15:00,6722.4,6743.9,6775,6722.3,119.7495258
610,2020/04/04 14:00,6745.017255,6722.326768,6750,6719.4,88.15724505
611,2020/04/04 13:00,6730.1,6745.1,6754,6705.4,63.05949894
612,2020/04/04 12:00,6710.9,6730,6744.5,6682.564392,188.895965
613,2020/04/04 11:00,6893.4,6712.3,6928,6660,1061.733927
614,2020/04/04 10:00,6857.8,6891,6900,6825.1,352.9030528
615,2020/04/04 9:00,6790.1,6857.1,6875,6762.6,497.7404903
616,2020/04/04 8:00,6753.9,6790.1,6790.1,6752,161.8927047
617,2020/04/04 7:00,6744.4,6754.3,6758.7,6738.2,110.5450806
618,2020/04/04 6:00,6749.3,6744.4,6750,6716.9,36.19689442
619,2020/04/04 5:00,6731,6749.3,6770.1,6724.1,259.7100024
620,2020/04/04 4:00,6714.4,6731.9,6749.9,6698,81.75159833
621,2020/04/04 3:00,6700,6714.4,6725.3,6684,99.12716627
622,2020/04/04 2:00,6770.73314,6700,6770.8,6700,226.5179068
623,2020/04/04 1:00,6765.6,6770.8,6815,6760.1,281.0294936
624,2020/04/04 0:00,6742,6765.6,6773.2,6723.9,69.47775279
625,2020/04/03 23:00,6777.23095,6740.8,6791.7,6731,94.90191984
626,2020/04/03 22:00,6743,6784,6785,6724,57.66962579
627,2020/04/03 21:00,6706.9,6742.1,6766,6679.8,212.8148576
628,2020/04/03 20:00,6781.4,6704.3,6820,6685.6,367.1866077
629,2020/04/03 19:00,6755.809791,6780.2,6800.6,6742.2,305.6415713
630,2020/04/03 18:00,6724.9,6755.9,6762.7,6691.2,276.3978375
631,2020/04/03 17:00,6762.9,6728.1,6801,6678,498.0327616
632,2020/04/03 16:00,6723.4,6761.6,6780,6623.3,968.2780269
633,2020/04/03 15:00,6795,6727.9,6840.6,6689.8,1087.874554
634,2020/04/03 14:00,6858,6794.3,6879.4,6726.5,1420.325292
635,2020/04/03 13:00,6939.2,6858,6953.6,6840.2,523.5006569
636,2020/04/03 12:00,7024,6940,7036,6870,548.3083125
637,2020/04/03 11:00,7028.5,7021.2,7049.1,6960.3,413.8883501
638,2020/04/03 10:00,6980,7032.8,7048.8,6928.008253,548.327351
639,2020/04/03 9:00,6944.4,6980,6990.1,6914,222.8214529
640,2020/04/03 8:00,6951.7,6944.5,6999,6884.1,542.6284368
641,2020/04/03 7:00,6818,6949.2,6990,6808,926.2361128
642,2020/04/03 6:00,6796.4,6818.7,6850,6785.8,217.4212543
643,2020/04/03 5:00,6800.7,6796.5,6808.9,6763.8,81.69427845
644,2020/04/03 4:00,6804,6801.3,6812.3,6780.3,39.20106306
645,2020/04/03 3:00,6823,6803.6,6843.8,6792.6,112.2832882
646,2020/04/03 2:00,6821.9,6823,6844.7,6793,77.64442009
647,2020/04/03 1:00,6757.7,6824.3,6828.8,6730.1,285.310566
648,2020/04/03 0:00,6811.8,6754.7,6830.1,6754,140.0100626
649,2020/04/02 23:00,6874.4,6810.7,6874.437685,6754,170.295725
650,2020/04/02 22:00,6844.4,6874.437685,6879.8,6800,470.0155042
651,2020/04/02 21:00,6768.2,6847.301595,6867.5,6739.4,470.7887557
652,2020/04/02 20:00,6828.5,6772,6831.4,6686,1026.955786
653,2020/04/02 19:00,6811.750464,6828,6897.5,6750,1784.37216
654,2020/04/02 18:00,7106.4,6811.750464,7110,6750.1,3732.881116
655,2020/04/02 17:00,6938.5,7106.3,7283.5,6938.5,4534.179551
656,2020/04/02 16:00,6818.9,6938.4,6938.5,6804.3,1198.710338
657,2020/04/02 15:00,6796.2,6818.6,6849.1,6751.2,679.8987032
658,2020/04/02 14:00,6658.4,6795.692167,6850,6658,1289.913023
659,2020/04/02 13:00,6672.6,6658.7,6690,6639.4,248.1267884
660,2020/04/02 12:00,6713.8,6672.9,6745.6,6654.4,588.6778007
661,2020/04/02 11:00,6668,6713.8,6724.4,6625.5,284.8227268
662,2020/04/02 10:00,6663.6,6668,6728.1,6637.1,409.0084754
663,2020/04/02 9:00,6671,6664.9,6674.6,6650.2,168.5197381
664,2020/04/02 8:00,6670.5,6671,6687.9,6627.9,342.6739762
665,2020/04/02 7:00,6665,6670.5,6701.6,6641.2,401.1847768
666,2020/04/02 6:00,6625.441883,6665,6670,6617.1,227.5973194
667,2020/04/02 5:00,6623.3,6625.5,6625.5,6591,106.0882156
668,2020/04/02 4:00,6631.9,6613.5,6656.9,6612.9,149.6248937
669,2020/04/02 3:00,6634.9,6632.3,6641,6606.1,121.7118678
670,2020/04/02 2:00,6593.6,6634.9,6641.7,6593.5,245.3699949
671,2020/04/02 1:00,6656.4,6593.6,6678.8,6580,423.4699257
672,2020/04/02 0:00,6679.5,6656.4,6774,6627.9,1029.693551
673,2020/04/01 23:00,6559.302086,6675,6726.5,6542,1629.933162
674,2020/04/01 22:00,6383.6,6559.3,6666.6,6383.1,1521.147846
675,2020/04/01 21:00,6369.3,6381.4,6445,6369.2,428.5019161
676,2020/04/01 20:00,6223.3,6369.2,6400,6209.8,884.1968304
677,2020/04/01 19:00,6219.3,6223.8,6238.4,6203.2,365.4567324
678,2020/04/01 18:00,6217.7,6220,6239.4,6211,168.5905861
679,2020/04/01 17:00,6211,6218.1,6231.2,6189.1,161.4138592
680,2020/04/01 16:00,6253.341565,6211.079074,6253.4,6180,659.3471192
681,2020/04/01 15:00,6265,6253.3,6271.8,6244.707953,220.2382628
682,2020/04/01 14:00,6219.434896,6264,6284.3,6217.1,350.9004215
683,2020/04/01 13:00,6242.4,6219.434896,6256.7,6206.6,502.0244123
684,2020/04/01 12:00,6309.6,6242.4,6350,6242.3,1019.237496
685,2020/04/01 11:00,6310,6309.7,6315.1,6290.7,106.7146713
686,2020/04/01 10:00,6315.708936,6310,6340.2,6308.9,66.11560857
687,2020/04/01 9:00,6326.459076,6315.7,6334.2,6290.7,351.8753074
688,2020/04/01 8:00,6344.9,6328.1,6345.6,6305.1,117.6478804
689,2020/04/01 7:00,6320.6,6344.490104,6355.9,6308.5,98.02511562
690,2020/04/01 6:00,6325.2,6318.2,6341.5,6305.5,279.1541962
691,2020/04/01 5:00,6359.8,6323.2,6359.9,6315.4,72.36967208
692,2020/04/01 4:00,6392,6359.9,6396,6351.9,49.17059696
693,2020/04/01 3:00,6335.3,6392.4,6404.2,6331.413454,161.16345
694,2020/04/01 2:00,6315.56916,6335.3,6343.9,6315.5,145.9378644
695,2020/04/01 1:00,6330.2,6315.56916,6345.9,6315.1,276.8208959
696,2020/04/01 0:00,6429,6331,6439.9,6283,1598.491094
